Name,Week,Points,MinutesPlayed,Goals,Assists,xGoals,xAssists,CleanSheets,GoalsConceded,xGoalsConceded,Saves,BonusPoints,BonusPointsRating
Haaland,3,4,90,1,0,1.93,0.01,0,1,0.73,0,0,14
J.Alvarez,3,2,90,0,0,0.79,0.18,0,1,0.73,0,0,7
Rodrigo,3,10,90,1,0,0.27,0.09,0,1,0.73,0,3,39
Foden,3,4,4,0,1,0.02,0.18,0,0,0.41,0,0,16
Ake,3,2,90,0,0,0.11,0.01,0,1,0.73,0,0,15
Ederson M.,3,2,90,0,0,0,0,0,1,0.73,0,0,7
Walker,3,2,90,0,0,0.04,0.43,0,1,0.73,0,0,20
Akanji,3,0,0,0,0,0,0,0,0,0,0,0,0
Ruben,3,2,90,0,0,0.03,0.1,0,1,0.73,0,0,14
Grealish,3,7,90,0,1,0.29,0.47,0,1,0.73,0,2,33
Kovačic,3,2,85,0,0,0.05,0.21,0,1,0.32,0,0,19
Gvardiol,3,2,90,0,0,0,0.04,0,1,0.73,0,0,14
R.Lewis,3,0,0,0,0,0,0,0,0,0,0,0,0
Bernardo,3,2,90,0,0,0,0.76,0,1,0.73,0,0,17
Sergio Gomez,3,0,0,0,0,0,0,0,0,0,0,0,0
Doku,3,0,0,0,0,0,0,0,0,0,0,0,0
De Bruyne,3,0,0,0,0,0,0,0,0,0,0,0,0
Matheus N.,3,0,0,0,0,0,0,0,0,0,0,0,0
Phillips,3,0,0,0,0,0,0,0,0,0,0,0,0
Stones,3,0,0,0,0,0,0,0,0,0,0,0,0
Saka,3,8,90,1,0,1.36,1.08,0,2,0.53,0,1,26
Odegaard,3,2,83,0,0,0.11,0.14,0,1,0.29,0,0,10
Nketiah,3,5,45,1,0,0.43,0.1,0,1,0.25,0,0,24
Rice,3,2,90,0,0,0,0.07,0,2,0.42,0,0,20
Saliba,3,1,90,0,0,0.04,0.03,0,2,0.53,0,0,14
Martinelli,3,2,90,0,0,0.54,0.11,0,2,0.53,0,0,12
Fabio Vieira,3,7,34,0,2,0.04,0.22,0,1,0.25,0,0,22
Ramsdale,3,1,90,0,0,0,0,0,2,0.53,1,0,10
White,3,1,90,0,0,0,0.1,0,2,0.53,0,0,18
G.Jesus,3,1,1,0,0,0.14,0.01,0,0,0.12,0,0,1
Havertz,3,1,55,0,0,0.27,0.14,0,1,0.29,0,0,2
Partey,3,1,55,0,0,0,0.08,0,1,0.29,0,0,16
Tomiyasu,3,0,0,0,0,0,0,0,0,0,0,0,0
Gabriel,3,0,0,0,0,0,0,0,0,0,0,0,0
Zinchenko,3,1,34,0,0,0,0.03,0,1,0.25,0,0,11
Jorginho,3,1,6,0,0,0,0.03,0,1,0.25,0,0,4
Kiwior,3,1,90,0,0,0.32,0.03,0,2,0.53,0,0,11
Trossard,3,1,45,0,0,0,0.68,0,1,0.29,0,0,10
J.Timber,3,0,0,0,0,0,0,0,0,0,0,0,0
Raya,3,0,0,0,0,0,0,0,0,0,0,0,0
Smith Rowe,3,0,0,0,0,0,0,0,0,0,0,0,0
Rashford,3,7,90,0,2,0.12,0.58,0,2,1.24,0,0,21
B.Fernandes,3,12,90,1,1,1.21,0.54,0,2,1.24,0,3,35
Eriksen,3,9,90,1,0,0.28,0.14,0,2,1.24,0,2,32
R.Varane,3,0,45,0,0,0,0.03,0,2,0.97,0,0,10
Casemiro,3,7,90,1,0,1.09,0.06,0,2,1.24,0,0,24
Wan-Bissaka,3,0,90,0,0,0,0.04,0,2,1.24,0,0,15
Onana,3,0,90,0,0,0,0,0,2,1.24,2,0,8
Antony,3,2,84,0,0,0.19,0.52,0,2,1.22,0,0,15
Garnacho,3,0,0,0,0,0,0,0,0,0,0,0,0
Shaw,3,0,0,0,0,0,0,0,0,0,0,0,0
Mount,3,0,0,0,0,0,0,0,0,0,0,0,0
Martial,3,1,59,0,0,0.04,0.02,0,2,1,0,0,3
Dalot,3,1,90,0,0,0,0.05,0,2,1.24,0,0,15
Lindelof,3,1,45,0,0,0,0.02,0,0,0.26,0,0,6
Sancho,3,1,30,0,0,0,0.01,0,0,0.23,0,0,0
McTominay,3,1,5,0,0,0,0,0,0,0.02,0,0,3
Hojlund,3,0,0,0,0,0,0,0,0,0,0,0,0
L.Martinez,3,1,90,0,0,0,0.04,0,2,1.24,0,0,18
Amrabat,3,0,0,0,0,0,0,0,0,0,0,0,0
Maguire,3,0,0,0,0,0,0,0,0,0,0,0,0
Malacia,3,0,0,0,0,0,0,0,0,0,0,0,0
Reguilon,3,0,0,0,0,0,0,0,0,0,0,0,0
Isak,3,2,71,0,0,0.16,0.02,1,0,0.4,0,0,5
Gordon,3,10,71,1,0,0.59,0.22,1,0,0.4,0,2,28
Barnes,3,1,18,0,0,0.08,0.01,0,2,0.56,0,0,3
Wilson,3,1,18,0,0,0.1,0,0,2,0.56,0,0,0
Tonali,3,3,71,0,0,0.03,0,1,0,0.4,0,0,13
Botman,3,2,86,0,0,0.09,0.01,0,1,0.51,0,0,15
Pope,3,1,90,0,0,0.02,0,0,2,0.95,2,0,14
Almiron,3,2,90,0,0,0.59,0.02,0,2,0.95,0,0,7
Longstaff,3,1,18,0,0,0.16,0.01,0,2,0.56,0,0,5
Bruno G.,3,2,90,0,0,0.02,0.03,0,2,0.95,0,0,7
Burn,3,1,90,0,0,0,0.01,0,2,0.95,0,0,15
Joelinton,3,2,81,0,0,0.05,0.06,0,1,0.47,0,0,17
Schar,3,1,90,0,0,0.1,0.01,0,2,0.95,0,0,11
Trippier,3,0,90,0,0,0,0.18,0,2,0.95,0,0,15
Anderson,3,1,8,0,0,0,0.01,0,1,0.48,0,0,4
Targett,3,1,3,0,0,0,0,0,1,0.45,0,0,3
Salah,3,5,90,0,1,0.18,0.12,0,1,2,0,0,19
Darwin,3,11,13,2,0,0.52,0.09,0,0,0.4,0,3,50
Luis Diaz,3,1,32,0,0,0.07,0,0,1,0.65,0,0,3
Szoboszlai,3,2,90,0,0,0.07,0.02,0,1,2,0,0,10
A.Becker,3,5,90,0,0,0,0,0,1,2,7,1,24
Diogo J.,3,4,32,0,1,0,0.14,0,0,0.75,0,0,12
Alexander-Arnold,3,1,90,0,0,0,0.22,0,1,2,0,0,8
Robertson,3,2,90,0,0,0,0.06,0,1,2,0,0,13
Gomez,3,1,57,0,0,0.01,0,0,0,1.34,0,0,4
Matip,3,2,76,0,0,0.1,0.01,0,1,1.6,0,0,10
Gakpo,3,1,57,0,0,0,0,0,1,1.25,0,0,2
Elliott,3,1,32,0,0,0,0.01,0,0,0.75,0,0,3
Jones,3,0,0,0,0,0,0,0,0,0,0,0,0
Konate,3,0,0,0,0,0,0,0,0,0,0,0,0
Mac Allister,3,2,76,0,0,0,0.01,0,1,1.6,0,0,8
Endo,3,1,57,0,0,0,0,0,1,1.25,0,0,7
Virgil,3,-2,27,0,0,0,0,0,1,3.47,0,0,-6
Doak,3,0,0,0,0,0,0,0,0,0,0,0,0
Tsimikas,3,0,0,0,0,0,0,0,0,0,0,0,0
Bajcetic,3,0,0,0,0,0,0,0,0,0,0,0,0
Gravenberch,3,0,0,0,0,0,0,0,0,0,0,0,0
Thiago,3,0,0,0,0,0,0,0,0,0,0,0,0
March,3,2,71,0,0,0.15,0.1,0,3,2.8,0,0,10
Ferguson,3,2,90,0,0,0.67,0.04,0,3,3.33,0,0,-2
Mitoma,3,1,90,0,0,0.07,0.38,0,3,3.33,0,0,10
Estupinan,3,1,90,0,0,0,0.17,0,3,3.33,0,0,16
Gross,3,10,90,1,0,0.16,0.3,0,3,3.33,0,3,39
Gilmour,3,1,59,0,0,0.18,0.29,0,2,2.18,0,0,12
Joao Pedro,3,1,30,0,0,0.05,0.11,0,1,1.15,0,0,6
Adingra,3,1,18,0,0,0,0.02,0,0,0.53,0,0,5
Enciso,3,0,0,0,0,0,0,0,0,0,0,0,0
Veltman,3,4,18,0,1,0.07,0.02,0,0,0.53,0,0,13
Dunk,3,1,90,0,0,0.17,0.07,0,3,3.33,0,0,15
Milner,3,2,71,0,0,0,0.11,0,3,2.8,0,0,9
Steele,3,0,0,0,0,0,0,0,0,0,0,0,0
Dahoud,3,0,0,0,0,0,0,0,0,0,0,0,0
Van Hecke,3,0,0,0,0,0,0,0,0,0,0,0,0
Verbruggen,3,2,90,0,0,0,0,0,3,3.33,4,0,16
Welbeck,3,1,59,0,0,0.04,0.19,0,2,2.18,0,0,3
Lallana,3,1,30,0,0,0,0.04,0,1,1.15,0,0,4
Webster,3,1,90,0,0,0,0.05,0,3,3.33,0,0,14
Ansu Fati,3,0,0,0,0,0,0,0,0,0,0,0,0
Lamptey,3,0,0,0,0,0,0,0,0,0,0,0,0
Diaby,3,12,72,1,1,0.18,0.1,0,1,0.28,0,2,42
Cash,3,17,90,2,0,1.35,0.02,0,1,0.73,0,3,45
Watkins,3,5,85,0,1,0.78,0.01,0,1,0.39,0,0,8
Bailey,3,0,0,0,0,0,0,0,0,0,0,0,0
McGinn,3,2,90,0,0,0,0.15,0,1,0.73,0,0,18
Digne,3,5,80,0,1,0,0.08,0,1,0.28,0,0,17
Douglas Luiz,3,2,85,0,0,0,0.13,0,1,0.39,0,0,12
Martinez,3,0,0,0,0,0,0,0,0,0,0,0,0
Duran,3,1,4,0,0,0,0,0,0,0.33,0,0,3
Kamara,3,3,90,0,0,0,0.03,0,1,0.73,0,1,23
Konsa,3,2,90,0,0,0,0.01,0,1,0.73,0,0,12
Pau,3,2,90,0,0,0,0.01,0,1,0.73,0,0,18
Diego Carlos,3,2,90,0,0,0.1,0.01,0,1,0.73,0,0,10
Tielemans,3,1,4,0,0,0,0,0,0,0.33,0,0,3
Coutinho,3,0,0,0,0,0,0,0,0,0,0,0,0
Olsen,3,2,90,0,0,0,0,0,1,0.73,1,0,12
Zaniolo,3,1,17,0,0,0.21,0.1,0,0,0.45,0,0,0
Bertrand Traore,3,1,9,0,0,0,0,0,0,0.45,0,0,3
Lenglet,3,0,0,0,0,0,0,0,0,0,0,0,0
Mings,3,0,0,0,0,0,0,0,0,0,0,0,0
Maddison,3,10,72,1,0,1.08,0.44,1,0,0.54,0,2,34
Son,3,3,90,0,0,0.05,0.29,1,0,0.67,0,0,18
Romero,3,7,90,0,0,0,0,1,0,0.67,0,1,31
Udogie,3,12,81,0,1,0,0.34,1,0,0.54,0,3,36
Vicario,3,7,90,0,0,0,0,1,0,0.67,3,0,28
Pedro Porro,3,6,90,0,0,0.09,0.04,1,0,0.67,0,0,30
Sarr,3,4,58,0,1,0.07,0.41,0,0,0.51,0,0,15
Van de Ven,3,6,90,0,0,0,0,1,0,0.67,0,0,30
Kulusevski,3,8,90,1,0,0.35,0.19,1,0,0.67,0,0,26
Solomon,3,0,0,0,0,0,0,0,0,0,0,0,0
E.Royal,3,0,0,0,0,0,0,0,0,0,0,0,0
Bissouma,3,2,73,0,0,0.05,0.12,1,0,0.54,0,0,17
Johnson,3,2,69,0,0,0,0.02,0,2,2,0,0,7
Richarlison,3,0,59,0,0,0.26,0.04,0,0,0.51,0,0,-7
Davies,3,1,8,0,0,0.13,0.01,0,0,0.12,0,0,2
Perisic,3,0,31,0,0,0.04,0.02,0,0,0.16,0,0,2
Skipp,3,1,17,0,0,0,0.01,0,0,0.12,0,0,6
Hojbjerg,3,1,30,0,0,0,0.23,0,0,0.16,0,0,10
Lo Celso,3,1,16,0,0,0,0.02,0,0,0.12,0,0,8
Bentancur,3,0,0,0,0,0,0,0,0,0,0,0,0
Mbeumo,3,2,90,0,0,0.04,0.25,0,1,0.8,0,0,10
Wissa,3,2,90,0,0,0.27,0,0,1,0.8,0,0,-1
Jensen,3,3,71,0,0,0,0.07,1,0,0.64,0,0,14
Schade,3,9,79,1,0,0.11,0.11,0,1,0.76,0,2,26
Flekken,3,4,90,0,0,0,0,0,1,0.8,4,1,22
Collins,3,4,90,0,0,0,0,0,1,0.8,4,1,22
Henry,3,2,90,0,0,0.05,0.04,0,1,0.8,0,0,14
Norgaard,3,5,90,0,1,0.01,0.12,0,1,0.8,0,0,21
Pinnock,3,2,90,0,0,0.18,0.02,0,1,0.8,0,0,13
Janelt,3,2,90,0,0,0.04,0.02,0,1,0.8,0,0,4
Hickey,3,2,90,0,0,0,0.01,0,1,0.8,0,0,13
Ajer,3,0,0,0,0,0,0,0,0,0,0,0,0
Lewis-Potter,3,1,10,0,0,0,0,0,0,0.04,0,0,2
Maupay,3,0,0,0,0,0,0,0,0,0,0,0,0
Damsgaard,3,0,0,0,0,0,0,0,0,0,0,0,0
Onyeka,3,1,18,0,0,0.22,0.02,0,1,0.16,0,0,3
Dasilva,3,0,0,0,0,0,0,0,0,0,0,0,0
Mee,3,0,0,0,0,0,0,0,0,0,0,0,0
Toney,3,0,0,0,0,0,0,0,0,0,0,0,0
Leno,3,5,90,0,0,0,0,0,2,3.25,8,2,27
Andreas,3,8,62,1,0,0.02,0,1,0,1.53,0,0,25
De Cordova-Reid,3,2,88,0,0,0,0.03,0,2,2.58,0,0,6
Ream,3,0,0,0,0,0,0,0,0,0,0,0,0
J.Palhinha,3,10,90,1,0,0.17,0.01,0,2,3.25,0,3,33
Reed,3,4,20,0,1,0,0.03,0,1,0.94,0,0,13
Diop,3,1,90,0,0,0,0.18,0,2,3.25,0,0,14
H.Wilson,3,2,70,0,0,0.03,0,0,1,2.32,0,0,5
A.Robinson,3,1,90,0,0,0,0.08,0,2,3.25,0,0,11
Lukic,3,1,70,0,0,0.02,0,0,1,2.32,0,0,2
Raul,3,1,90,0,0,0.19,0.01,0,2,3.25,0,0,7
Tete,3,0,90,0,0,0,0,0,2,3.25,0,0,1
Adama,3,1,19,0,0,0.12,0,0,1,0.94,0,0,-2
Cairney,3,1,27,0,0,0,0,0,2,1.72,0,0,4
Iwobi,3,0,0,0,0,0,0,0,0,0,0,0,0
Harris,3,0,0,0,0,0,0,0,0,0,0,0,0
Willian,3,0,0,0,0,0,0,0,0,0,0,0,0
Castagne,3,0,0,0,0,0,0,0,0,0,0,0,0
Tosin,3,1,1,0,0,0,0,0,0,0.67,0,0,5
Bassey,3,-2,82,0,0,0,0,0,2,3.92,0,0,0
Edouard,3,2,70,0,0,0.09,0.01,0,1,0.52,0,0,5
J.Andersen,3,11,90,1,0,0.05,0.13,0,1,0.97,0,3,38
Mitchell,3,2,90,0,0,0,0.03,0,1,0.97,0,0,13
Eze,3,2,90,0,0,0.35,0.07,0,1,0.97,0,0,7
J.Ayew,3,5,90,0,1,0.21,0.04,0,1,0.97,0,0,16
Guehi,3,2,90,0,0,0,0.01,0,1,0.97,0,0,15
Johnstone,3,2,90,0,0,0,0,0,1,0.97,0,0,8
Ward,3,2,90,0,0,0,0.02,0,1,0.97,0,0,9
Lerma,3,2,90,0,0,0.08,0.05,0,1,0.97,0,0,16
Schlupp,3,2,70,0,0,0.03,0.01,0,1,0.52,0,0,7
C.Doucoure,3,2,90,0,0,0,0.04,0,1,0.97,0,0,17
Mateta,3,1,19,0,0,0,0.01,0,0,0.45,0,0,2
Ahamada,3,1,19,0,0,0,0,0,0,0.45,0,0,3
Hughes,3,0,0,0,0,0,0,0,0,0,0,0,0
Rak-Sakyi,3,0,0,0,0,0,0,0,0,0,0,0,0
Tomkins,3,0,0,0,0,0,0,0,0,0,0,0,0
Olise,3,0,0,0,0,0,0,0,0,0,0,0,0
Sterling,3,19,90,2,1,0.79,0.21,1,0,0.43,0,3,52
Disasi,3,6,90,0,0,0.05,0.01,1,0,0.43,0,0,29
Gusto,3,14,90,0,2,0.01,0.16,1,0,0.43,0,2,48
Chilwell,3,6,85,0,0,0.09,0.28,1,0,0.41,0,0,22
R.Sanchez,3,6,90,0,0,0,0,1,0,0.43,1,0,25
Colwill,3,6,90,0,0,0.11,0.15,1,0,0.43,0,0,26
T.Silva,3,6,90,0,0,0,0.01,1,0,0.43,0,0,28
N.Jackson,3,7,82,1,0,0.71,0.18,1,0,0.36,0,1,34
Gallagher,3,3,90,0,0,0.08,0.31,1,0,0.43,0,0,17
Caicedo,3,3,90,0,0,0,0.03,1,0,0.43,0,0,15
Chukwuemeka,3,0,0,0,0,0,0,0,0,0,0,0,0
Enzo,3,2,90,0,0,0.26,0.29,1,0,0.43,0,0,1
Mudryk,3,0,0,0,0,0,0,0,0,0,0,0,0
James,3,0,0,0,0,0,0,0,0,0,0,0,0
Maatsen,3,0,4,0,0,0,0,0,0,0.03,0,0,-2
Madueke,3,0,0,0,0,0,0,0,0,0,0,0,0
Palmer,3,0,0,0,0,0,0,0,0,0,0,0,0
Ugochukwu,3,1,7,0,0,0,0.04,0,0,0.07,0,0,3
Chalobah,3,0,0,0,0,0,0,0,0,0,0,0,0
Cucurella,3,0,0,0,0,0,0,0,0,0,0,0,0
Lavia,3,0,0,0,0,0,0,0,0,0,0,0,0
M.Sarr,3,0,0,0,0,0,0,0,0,0,0,0,0
Nkunku,3,0,0,0,0,0,0,0,0,0,0,0,0
W.Fofana,3,0,0,0,0,0,0,0,0,0,0,0,0
P.Neto,3,7,90,0,1,0.04,0.45,1,0,1.2,0,1,29
Jose Sa,3,11,90,0,0,0,0,1,0,1.2,7,3,40
Hee Chan,3,1,45,0,0,0,0,0,0,0.62,0,0,3
Cunha,3,2,84,0,0,0.17,0,1,0,1.14,0,0,0
Kilman,3,8,90,0,0,0,0.15,1,0,1.2,0,2,30
H.Bueno,3,6,84,0,0,0,0.03,1,0,1.14,0,0,24
Sarabia,3,1,16,0,0,0.28,0.03,0,0,0.06,0,0,4
Kalajdzic,3,6,5,1,0,0.26,0.01,0,0,0.06,0,1,29
Dawson,3,5,90,0,0,0,0,1,0,1.2,0,0,23
Lemina,3,2,90,0,0,0.06,0,1,0,1.2,0,0,8
N.Semedo,3,5,90,0,0,0,0.01,1,0,1.2,0,0,19
Fabio Silva,3,2,73,0,0,0.3,0.01,1,0,1.14,0,0,2
Joao Gomes,3,2,90,0,0,0.05,0.01,1,0,1.2,0,0,9
Ait-Nouri,3,1,45,0,0,0,0.02,0,0,0.58,0,0,-3
Bowen,3,12,90,1,1,1.28,0.03,0,1,1.52,0,2,38
Ward-Prowse,3,6,90,1,0,0.91,0.01,0,1,1.52,0,0,24
Areola,3,5,90,0,0,0,0,0,1,1.52,9,0,27
Antonio,3,7,78,1,0,0.73,0.32,1,0,1.09,0,1,29
Zouma,3,2,90,0,0,0,0,0,1,1.52,0,0,18
L.Paqueta,3,2,84,0,0,0.38,0.35,0,1,1.16,0,0,11
Benrahma,3,4,51,0,1,0,0.22,0,1,0.96,0,0,21
Souček,3,1,38,0,0,0,0,0,0,0.56,0,0,6
N.Aguerd,3,0,0,0,0,0,0,0,0,0,0,0,0
Coufal,3,2,90,0,0,0,0.03,0,1,1.52,0,0,14
Emerson,3,2,90,0,0,0.03,0.15,0,1,1.52,0,0,12
P.Fornals,3,1,6,0,0,0,0.01,0,0,0.36,0,0,2
Alvarez,3,1,83,0,0,0,0,0,1,1.16,0,0,7
Ings,3,1,5,0,0,0,0,0,0,0.36,0,0,3
Ogbonna,3,2,90,0,0,0,0,0,1,1.52,0,0,10
Cornet,3,0,0,0,0,0,0,0,0,0,0,0,0
Kehrer,3,0,11,0,0,0,0,0,1,0.43,0,0,0
Kudus,3,0,0,0,0,0,0,0,0,0,0,0,0
Cresswell,3,0,0,0,0,0,0,0,0,0,0,0,0
Solanke,3,2,90,0,0,0.07,0.04,0,2,2.06,0,0,3
Neto,3,2,90,0,0,0,0,0,2,2.06,4,0,15
Semenyo,3,2,72,0,0,0.17,0.02,0,2,1.78,0,0,-4
D.Brooks,3,1,17,0,0,0,0.01,0,0,0.28,0,0,5
Billing,3,2,85,0,0,0.29,0.03,0,2,1.83,0,0,7
Christie,3,1,59,0,0,0.02,0.15,0,1,1.34,0,0,4
Senesi,3,0,0,0,0,0,0,0,0,0,0,0,0
Kerkez,3,1,90,0,0,0,0.02,0,2,2.06,0,0,11
Kluivert,3,1,59,0,0,0.03,0.02,0,1,1.34,0,0,0
Rothwell,3,1,45,0,0,0,0.02,0,1,1.34,0,0,4
Zabarnyi,3,1,90,0,0,0,0.02,0,2,2.06,0,0,18
Aarons,3,1,90,0,0,0,0.07,0,2,2.06,0,0,14
Tavernier,3,0,0,0,0,0,0,0,0,0,0,0,0
L.Cook,3,1,45,0,0,0.03,0.01,0,1,0.72,0,0,5
Moore,3,1,4,0,0,0,0.01,0,0,0.23,0,0,3
Hamed Traorè,3,1,30,0,0,0,0.01,0,1,0.72,0,0,0
Kelly,3,0,90,0,0,0,0.01,0,2,2.06,0,0,9
Mepham,3,0,0,0,0,0,0,0,0,0,0,0,0
Sinisterra,3,0,0,0,0,0,0,0,0,0,0,0,0
Awoniyi,3,6,80,1,0,0.67,0.02,0,3,2.79,0,0,29
Boly,3,7,90,1,0,0.25,0.01,0,3,2.91,0,0,25
Aurier,3,0,90,0,0,0,0.01,0,3,2.91,0,0,6
Gibbs-White,3,8,90,0,2,0.27,0.24,0,3,2.91,0,1,31
Elanga,3,1,9,0,0,0.02,0,0,0,0.12,0,0,3
Turner,3,3,90,0,0,0,0,0,3,2.91,7,0,23
McKenna,3,0,56,0,0,0,0.02,0,2,1.61,0,0,7
Wood,3,1,9,0,0,0,0.03,0,0,0.12,0,0,3
Worrall,3,-2,66,0,0,0,0,0,3,3.83,0,0,-2
Danilo,3,2,80,0,0,0.03,0,0,3,2.79,0,0,5
Yates,3,2,90,0,0,0,0,0,3,2.91,0,0,10
Mangala,3,0,0,0,0,0,0,0,0,0,0,0,0
Aina,3,0,90,0,0,0,0.01,0,3,2.91,0,0,9
Kouyate,3,0,20,0,0,0,0.02,0,1,0.91,0,0,2
Williams,3,0,0,0,0,0,0,0,0,0,0,0,0
Niakhate,3,1,33,0,0,0,0.01,0,1,1.31,0,0,4
G.Montiel,3,0,0,0,0,0,0,0,0,0,0,0,0
Dennis,3,0,0,0,0,0,0,0,0,0,0,0,0
Hudson-Odoi,3,0,0,0,0,0,0,0,0,0,0,0,0
Origi,3,0,0,0,0,0,0,0,0,0,0,0,0
Tavares,3,0,0,0,0,0,0,0,0,0,0,0,0
A.Doucoure,3,2,90,0,0,0.21,0.1,0,1,1.16,0,0,10
Danjuma,3,2,90,0,0,0.39,0.01,0,1,0.88,0,0,-6
Patterson,3,2,90,0,0,0,0.05,0,1,1.16,0,0,17
A.Onana,3,2,90,0,0,0.05,0.2,0,1,1.16,0,0,16
Garner,3,1,90,0,0,0.06,0.22,0,1,1.16,0,0,10
Gana,3,2,90,0,0,0,0.04,0,1,0.88,0,0,19
Dobbin,3,3,65,0,0,0.07,0,1,0,0.58,0,0,3
Pickford,3,2,90,0,0,0,0.01,0,1,1.16,2,0,13
Tarkowski,3,2,90,0,0,0.12,0.03,0,1,1.16,0,0,12
Young,3,2,90,0,0,0,0.38,0,1,1.16,0,0,17
Beto,3,0,0,0,0,0,0,0,0,0,0,0,0
Keane,3,1,1,0,0,0,0,0,0,0.28,0,0,2
Branthwaite,3,1,90,0,0,0.24,0.15,0,1,1.16,0,0,11
Calvert-Lewin,3,0,0,0,0,0,0,0,0,0,0,0,0
Godfrey,3,0,0,0,0,0,0,0,0,0,0,0,0
McNeil,3,0,0,0,0,0,0,0,0,0,0,0,0
Onyango,3,0,0,0,0,0,0,0,0,0,0,0,0
Mykolenko,3,0,0,0,0,0,0,0,0,0,0,0,0
Y. Chermiti,3,0,24,0,0,0.06,0.03,0,1,0.57,0,0,-2
Foster,3,7,80,1,0,0.13,0,0,3,2.49,0,1,23
Koleosho,3,2,67,0,0,0.04,0.09,0,3,2.21,0,0,4
Cullen,3,1,90,0,0,0,0.32,0,3,2.51,0,0,11
Brownhill,3,0,0,0,0,0,0,0,0,0,0,0,0
Amdouni,3,2,80,0,0,0.05,0.02,0,3,2.49,0,0,3
Trafford,3,2,90,0,0,0,0,0,3,2.51,3,0,15
Berge,3,1,67,0,0,0,0.02,0,3,2.21,0,0,1
Gudmundsson,3,4,45,0,1,0,0.11,0,1,0.78,0,0,15
Bruun Larsen,3,1,9,0,0,0,0.01,0,0,0.02,0,0,3
Redmond,3,1,22,0,0,0,0.01,0,0,0.3,0,0,2
Al-Dakhil,3,1,90,0,0,0,0.18,0,3,2.51,0,0,11
Benson,3,1,45,0,0,0,0,0,2,1.73,0,0,5
O'Shea,3,1,90,0,0,0,0.02,0,3,2.51,0,0,19
Roberts,3,1,90,0,0,0,0.12,0,3,2.51,0,0,15
A.Ramsey,3,1,22,0,0,0,0.01,0,0,0.3,0,0,3
Cork,3,0,0,0,0,0,0,0,0,0,0,0,0
Rodriguez,3,1,9,0,0,0.45,0,0,0,0.02,0,0,-3
Vitinho,3,0,0,0,0,0,0,0,0,0,0,0,0
Beyer,3,0,0,0,0,0,0,0,0,0,0,0,0
Delcroix,3,1,90,0,0,0.06,0.04,0,3,2.51,0,0,18
Archer,3,0,0,0,0,0,0,0,0,0,0,0,0
Foderingham,3,4,90,0,0,0,0,0,2,3.52,7,1,25
Hamer,3,2,90,0,0,0.14,0.02,0,2,3.52,0,0,9
Bogle,3,7,19,1,0,0.14,0,0,1,0.72,0,0,18
Norwood,3,2,79,0,0,0,0.03,0,1,2.91,0,0,16
T.Benie,3,2,90,0,0,0,0.09,0,2,3.52,0,0,2
McBurnie,3,1,19,0,0,0.02,0.41,0,1,0.72,0,0,6
Basham,3,1,10,0,0,0,0,0,1,0.61,0,0,2
Robinson,3,1,90,0,0,0,0,0,2,3.52,0,0,9
Vini Souza,3,1,90,0,0,0,0,0,2,3.52,0,0,5
Baldock,3,1,70,0,0,0,0.01,0,1,2.8,0,0,3
Egan,3,0,90,0,0,0,0,0,2,3.52,0,0,2
Larouci,3,1,73,0,0,0.06,0.02,0,2,3.26,0,0,8
Osborn,3,1,16,0,0,0,0,0,0,0.26,0,0,4
Osula,3,1,70,0,0,0,0,0,1,2.8,0,0,-4
Ahmedhodzic,3,1,90,0,0,0.36,0,0,2,3.52,0,0,5
Lowe,3,0,0,0,0,0,0,0,0,0,0,0,0
Brooks,3,0,0,0,0,0,0,0,0,0,0,0,0
McAtee,3,0,0,0,0,0,0,0,0,0,0,0,0
Thomas,3,0,0,0,0,0,0,0,0,0,0,0,0
Fleck,3,0,0,0,0,0,0,0,0,0,0,0,0
Slimane,3,0,0,0,0,0,0,0,0,0,0,0,0
Morris,3,2,90,0,0,0.16,0.15,0,3,2.09,0,0,6
Andersen,3,1,13,0,0,0,0,0,0,0.08,0,0,5
Adebayo,3,2,69,0,0,0,0.06,0,2,1.52,0,0,1
Chong,3,2,76,0,0,0.02,0.04,0,3,2.02,0,0,5
Kaminski,3,2,90,0,0,0,0,0,3,2.09,5,0,18
Brown,3,0,20,0,0,0.07,0,0,1,0.57,0,0,-2
Barkley,3,2,76,0,0,0.08,0.02,0,3,2.02,0,0,5
Mpanzu,3,1,13,0,0,0.01,0,0,0,0.08,0,0,4
Nakamba,3,1,90,0,0,0,0.02,0,3,2.09,0,0,11
Doughty,3,1,20,0,0,0,0.09,0,1,0.57,0,0,2
Giles,3,1,90,0,0,0.06,0.04,0,3,2.09,0,0,10
Kabore,3,1,69,0,0,0.03,0,0,2,1.52,0,0,7
Ogbene,3,1,13,0,0,0,0,0,0,0.08,0,0,3
Bell,3,1,90,0,0,0,0.01,0,3,2.09,0,0,14
Burke,3,1,76,0,0,0,0.01,0,3,2.02,0,0,9
Woodrow,3,0,0,0,0,0,0,0,0,0,0,0,0
Lockyer,3,0,90,0,0,0,0.01,0,3,2.09,0,0,10
